<?xml version="1.0" encoding="UTF-8"?>
<project-private xmlns="http://www.netbeans.org/ns/project-private/1">
    <editor-bookmarks xmlns="http://www.netbeans.org/ns/editor-bookmarks/2" lastBookmarkId="0"/>
    <open-files xmlns="http://www.netbeans.org/ns/projectui-open-files/2">
        <group>
            <file>file:/C:/xampp/htdocs/drupal75/.editorconfig</file>
            <file>file:/C:/xampp/htdocs/drupal75/.gitignore</file>
            <file>file:/C:/xampp/htdocs/drupal75/sites/all/modules/process_image/process_image.inc</file>
            <file>file:/C:/xampp/htdocs/drupal75/sites/default/settings.php</file>
        </group>
    </open-files>
</project-private>
